Training,Validation,Test
89.83333333333333,91.0,89.0
86.62790697674419,85.98130841121495,82.2429906542056
95.2076677316294,96.84210526315789,96.7032967032967
