Training,Validation,Test
89.33333333333333,90.5,88.5
86.29737609329446,85.18518518518519,84.0
94.56869009584665,96.84210526315789,92.3076923076923
