Training,Validation,Test
93.83333333333333,95.5,96.5
91.81818181818183,93.0,94.68085106382979
96.80511182108627,97.89473684210527,97.8021978021978
